{
  "warning": "This benchmark follows the benchmark families used in the RLM paper, but uses deterministic synthetic memory tasks. Do not compare numerically to the RLM paper.",
  "total_cases": 9,
  "families": {
    "OOLONG-style": {
      "raw_context": {
        "avg_score": 0.429164360819037,
        "avg_f1": 0.429164360819037,
        "avg_tokens": 1430.3333333333333,
        "avg_latency_ms": 14.466666666666667,
        "count": 3
      },
      "query_graph": {
        "avg_score": 0.09598301826373966,
        "avg_f1": 0.09598301826373966,
        "avg_tokens": 81.0,
        "avg_latency_ms": 26.633333333333336,
        "count": 3
      },
      "build_context": {
        "avg_score": 0.26853886053886056,
        "avg_f1": 0.26853886053886056,
        "avg_tokens": 326.0,
        "avg_latency_ms": 126.2,
        "count": 3
      }
    }
  }
}